ARTICULO,NE_URDIMBRE,NE_TRAMA,MAT_U,MAT_T,TITULO_U,TITULO_T1,NUM_CABOS_U,NUM_CABOS_T1,MEZCLA_U,MEZCLA_T1,ID_LIGAMENTO,LIGAMENTO_FONDO,LIGAMENTO_ORILLO,DIENTES/CM_PEINE,HILOS/DIENTE_FONDO,HILOS/DIENTE_ORILLO,ANCHO_PEINE,ANCHO_CRUDO,%E_URDIMBRE,HILOS_FONDO,HILOS_ORILLO,TOTAL_HILOS/ANCHO_CRUDO,PASADAS/CM_T1,TOTAL_PASADAS,GR/MTL_U,GR/MTL_T1,TOTAL_GR/MTL,RPM,FACT_COB_U,FACT_COB_T,FACT_COB_TOTAL_TEO,FACT_COB_TOTAL_REAL,TUPIDEZ,COLORANTE_BLANCO_T,COLORANTE_BLANCO_U,COLORANTE_CRUDO_T,COLORANTE_CRUDO_U,COLORANTE_OTROS_T,COLORANTE_OTROS_U,COLORANTE_REACTIVO_T,COLORANTE_REACTIVO_U,COLORANTE_TINA_T,COLORANTE_TINA_U,LUMINOSIDAD_T_1,LUMINOSIDAD_U_1,LUMINOSIDAD_T_2,LUMINOSIDAD_U_2,LUMINOSIDAD_T_3,LUMINOSIDAD_U_3,LUMINOSIDAD_T_4,LUMINOSIDAD_U_4,LUMINOSIDAD_T_5,LUMINOSIDAD_U_5,LUMINOSIDAD_T_6,LUMINOSIDAD_U_6,No. formula,TIPO,TCDREC,PROD_21020001,PROD_21020002,PROD_21020003,PROD_21020004,PROD_21020005,PROD_21020006,PROD_21020007,PROD_21020009,PROD_21020011,PROD_21020012,PROD_21020013,PROD_21020014,PROD_21040004,PROD_21040011,PROD_21040012,AGUA    ,DISENO,COMBINACION,Metros,Telar,Fc.Corte,Lt.Urdimbre,LT_HILADO,Ne_prom,CV% Ne_prom,cN/tex_prom,TPI_prom,FT_prom,CV% TPI_prom,E%_prom,CV% E_prom,CV%R_prom,CVm%_prom,I_prom,PD(-40%)_prom,PD(-50%)_prom,PG(+35%)_prom,PG(+50%)_prom,NEPS(+140%)_prom,NEPS(+200%)_prom,H_prom,Sh_prom,var_Ne_prom,var_cN/tex_prom,var_TPI_prom,var_E%_prom,%falla_R_prom,%falla_E_prom,NUM_COLORES_U,NUM_COLORES_T,PROD_2102,PROD_2104,PORC_PASADAS/CM_T1,PORC_GR/MTL_U,PORC_GR/MTL_T1,TELAR,MONTAJE,FECHA,CMPX DE PARO POR URDIMBRE,METROS TOTALES,MAQUINA_PINZAS
M2070220,50/1 UDA.AP.,50/1 UDA.AP.,M2,7,50.0,50.0,1.0,1.0,UDA,UDA,0,Dobby          ,Matt 2/2       ,14.0,2.0,4.0,180.8,170.0,4.2,7392.0,96.0,37.79,37.79,37.79,92.39,84.88,178.6,700.0,15.81,13.58,29.39,29.39,1.0,0.05263157894736842,0.036196650459211235,0.4736842105263158,0.4819016747703944,0.4736842105263158,0.4819016747703944,0.0,0.0,0.0,0.0,1.0,1.0,0.0,0.0,0.0,0.0,0.0,0.0,0.0,0.0,0.0,0.0,0.0,0.0,0.0,0.0,0.0,0.0,0.0,0.0,0.0,0.0,0.0,0.0,0.0,0.0,0.0,0.0,0.0,0.0,0.0,320395,33/01,255,205,2020-12-22,9507999,9507999.0,50.16666666666666,1.1633333333333329,19.11,30.84333333333333,4.363333333333333,1.856666666666667,5.91,10.99666666666666,9.45,14.11666666666667,1.17,246.33333333333331,11.0,566.0,70.66666666666667,450.0,96.66666666666669,4.566666666666666,1.186666666666667,0.3523987245333333,3.269461837508334,0.3283557082736667,0.4234109013416667,0.4757115786648951,0.08510084619122021,3,3,0.0,0.0,1.0,0.5173012318029115,0.4752519596864502,205,53,2020-12-22,8.50166654586792,328,1
M2070224,60/2 A91.AP.,150/144 1PSSP,M2,7,60.0,60.0,2.0,2.0,A91,A91,0,Dobby          ,Matt 2/2       ,10.0,4.0,4.0,190.0,175.0,10.5,7456.0,144.0,31.5,31.5,31.5,163.84,102.64,269.86,400.0,20.12,14.76,34.88,34.88,1.0,1.0,0.0,0.0,1.0,0.0,0.0,0.0,0.0,0.0,0.0,1.0,1.0,0.0,0.0,0.0,0.0,0.0,0.0,0.0,0.0,0.0,0.0,0.0,0.0,0.0,0.0,0.0,0.0,0.0,0.0,0.0,0.0,0.0,0.0,0.0,0.0,0.0,0.0,0.0,0.0,0.0,0,00/00,265,207,2020-12-19,9650165,9650165.0,30.8,2.2,18.97,19.95,1.82,3.64,4.86,13.4,13.8,10.72,1.21,8.0,0.0,71.0,5.0,159.0,30.0,5.68,1.45,0.4591417600000001,6.853190979599999,0.5273373923999999,0.4241135376,0.5045716755137258,0.5851064040552747,0,0,0.0,0.0,1.0,0.6071296227673608,0.3803453642629511,207,54,2020-12-19,3.4499999284744263,315,1
M2010211,40/2 TE2.AC.,20/1 PY2.CP.,M2,1,40.0,40.0,2.0,2.0,TE2,TE2,0,Tafetan        ,Tafetan        ,11.0,2.0,3.0,190.0,160.0,6.0,4092.0,132.0,26.21,26.21,26.21,128.42,151.16,284.1,400.0,15.0,14.89,29.89,29.89,1.0,0.0,0.0,1.0,1.0,0.0,0.0,0.0,0.0,0.0,0.0,1.0,1.0,0.0,0.0,0.0,0.0,0.0,0.0,0.0,0.0,0.0,0.0,0.0,0.0,0.0,0.0,0.0,0.0,0.0,0.0,0.0,0.0,0.0,0.0,0.0,0.0,0.0,0.0,0.0,0.0,0.0,0,00/00,268,214,2020-12-15,250184,250184.0,40.26857142857143,1.448571428571429,19.83571428571429,27.412857142857142,4.3342857142857145,1.9928571428571429,7.4071428571428575,10.92142857142857,9.731428571428571,15.575714285714291,1.447142857142857,259.4285714285714,9.0,1325.0,302.2857142857143,2043.2857142857142,599.0,4.968571428571429,1.2757142857142858,0.3731409418365715,3.746355149064858,0.3125399829275715,0.6539527076117144,0.3366268803972377,0.00270056312337262,0,0,0.0,0.0,1.0,0.4520239352340724,0.5320661738824357,214,7,2020-12-14,5.475000008940697,315,1
M2070196,40/1 PA2.KP.,40/1 PA2.KP.,M2,7,40.0,40.0,1.0,1.0,PA2,PA2,0,Dobby          ,Matt 2/2       ,18.0,2.0,4.0,187.1,174.0,7.8,6678.0,112.0,29.95,29.95,29.95,106.84,85.08,193.77,400.0,15.67,12.03,27.7,27.7,1.0,0.327,0.3531876683627657,0.19166666666666668,0.19170906914097574,0.4813333333333333,0.4551032624962586,0.0,0.0,0.0,0.0,0.5186666666666667,0.5448967375037415,0.0,0.0,0.4813333333333333,0.4551032624962586,0.0,0.0,0.0,0.0,0.0,0.0,0.0,0.0,0.0,0.0,0.0,0.0,0.0,0.0,0.0,0.0,0.0,0.0,0.0,0.0,0.0,0.0,0.0,0.0,0.0,320384,33/01,221,213,2020-12-13,530561,530561.0,40.26857142857143,1.448571428571429,19.83571428571429,27.412857142857142,4.3342857142857145,1.9928571428571429,7.4071428571428575,10.92142857142857,9.731428571428571,15.575714285714291,1.447142857142857,259.4285714285714,9.0,1325.0,302.2857142857143,2043.2857142857142,599.0,4.968571428571429,1.2757142857142858,0.3731409418365715,3.746355149064858,0.3125399829275715,0.6539527076117144,0.3366268803972377,0.00270056312337262,3,3,0.0,0.0,1.0,0.5513753419001909,0.4390772565412602,213,51,2020-12-11,10.100000381469727,321,1
M2010212,40/1 AD3.AP.,16/1 UYY.CC.,M2,1,40.0,40.0,1.0,1.0,AD3,AD3,0,Tafetan        ,Matt 2/2       ,16.0,2.0,3.0,190.0,175.0,7.5,5984.0,144.0,23.0,23.0,23.0,95.42,165.81,263.63,400.0,14.06,14.6,28.66,28.66,1.0,0.0,0.0,1.0,0.5,0.0,0.0,0.0,0.0,0.0,0.5,1.0,0.5,0.0,0.0,0.0,0.0,0.0,0.5,0.0,0.0,0.0,0.0,0.0,0.0,0.0,0.0,0.0,0.0,0.0,0.0,0.0,0.0,0.0,0.0,0.0,0.0,0.0,0.0,0.0,0.0,0.0,320388,21/01,201,202,2020-12-12,542204,542204.0,40.066666666666656,1.123333333333333,22.43666666666667,23.17166666666667,3.6633333333333336,2.2583333333333333,5.965,7.7316666666666665,7.566666666666666,10.405,0.9716666666666668,55.83333333333334,1.333333333333333,175.83333333333331,15.16666666666667,169.5,43.16666666666666,5.071666666666667,1.188333333333333,0.2089060565666667,3.133724167975,0.2813775305748333,0.217403048426,0.02489745489333489,0.01927328602187755,2,1,0.0,0.0,1.0,0.3619466676781853,0.6289496643022418,202,8,2020-12-12,3.665000081062317,305,1
M2010213,60/2 A91.AP.,16/1 UYY.CC.,M2,1,60.0,60.0,2.0,2.0,A91,A91,0,Tafetan        ,Tafetan        ,8.0,4.0,4.0,190.0,165.0,6.0,5984.0,96.0,21.29,21.29,21.29,125.2,153.48,280.94,400.0,17.07,13.52,30.59,30.59,1.0,0.0,0.0,1.0,1.0,0.0,0.0,0.0,0.0,0.0,0.0,1.0,1.0,0.0,0.0,0.0,0.0,0.0,0.0,0.0,0.0,0.0,0.0,0.0,0.0,0.0,0.0,0.0,0.0,0.0,0.0,0.0,0.0,0.0,0.0,0.0,0.0,0.0,0.0,0.0,0.0,0.0,0,00/00,260,209,2020-12-07,9650165,9650165.0,30.8,2.2,18.97,19.95,1.82,3.64,4.86,13.4,13.8,10.72,1.21,8.0,0.0,71.0,5.0,159.0,30.0,5.68,1.45,0.4591417600000001,6.853190979599999,0.5273373923999999,0.4241135376,0.5045716755137258,0.5851064040552747,0,0,0.0,0.0,1.0,0.4456467573147291,0.5463088203886951,209,9,2020-12-05,4.599999904632568,307,1
M201N222,50/1 PA2.KP.,50/1 PA2.KP.,M2,1,50.0,50.0,1.0,1.0,PA2,PA2,N,Tafetan        ,Tafetan        ,20.0,2.0,3.0,190.0,181.0,7.0,7536.0,96.0,36.0,36.0,36.0,95.62,83.05,179.99,720.0,15.16,12.93,28.09,28.09,1.0,0.0,0.0,1.0,1.0,0.0,0.0,0.0,0.0,0.0,0.0,1.0,1.0,0.0,0.0,0.0,0.0,0.0,0.0,0.0,0.0,0.0,0.0,0.0,0.0,0.0,0.0,0.0,0.0,0.0,0.0,0.0,0.0,0.0,0.0,0.0,0.0,0.0,0.0,0.0,0.0,0.0,320399,22/01,272,214,2020-12-07,230008,230008.0,50.438,1.1048,24.70246000000001,28.0544,3.967491296430698,2.5322,5.459083613333332,7.9633,7.788133333333333,12.2346,1.0764,61.84399999999999,1.11,151.496,8.151999999999997,110.97399999999999,21.614,3.128200000000001,0.7323999999999998,0.325242494364,3.7068515259390247,0.5251938967448201,0.1890935991800771,0.005209656309706251,0.19294339110973,2,2,0.0,0.0,1.0,0.531251736207567,0.4614145230290571,214,12,2020-12-07,7.369999980926512,640,1
M2060189,30/1 AK2.AP.,16/1 UYY.CC.,M2,6,30.0,30.0,1.0,1.0,AK2,AK2,0,Oxford         ,Oxford         ,12.0,3.0,4.0,190.0,165.0,11.1,6696.0,192.0,20.0,20.0,20.0,148.13,144.18,296.91,400.0,19.33,12.7,32.03,32.03,1.0,0.0,0.0,1.0,1.0,0.0,0.0,0.0,0.0,0.0,0.0,1.0,1.0,0.0,0.0,0.0,0.0,0.0,0.0,0.0,0.0,0.0,0.0,0.0,0.0,0.0,0.0,0.0,0.0,0.0,0.0,0.0,0.0,0.0,0.0,0.0,0.0,0.0,0.0,0.0,0.0,0.0,0,00/00,261,213,2020-12-06,530615,530615.0,29.9,1.01,20.3,23.21,4.24,1.49,5.93,8.41,5.94,10.4,1.27,5.0,0.0,43.0,5.0,74.0,17.0,5.71,1.26,0.0911979601,1.4540018724000001,0.11959769724099999,0.248714656369,0.1404935559389403,0.03110472199242427,0,0,0.0,0.0,1.0,0.4989053922063925,0.4856016974840861,213,30,2020-12-05,7.914999961853027,357,1
M2070195,40/2 UW2.AP.,20/1 UW2.AP.,M2,7,40.0,40.0,2.0,2.0,UW2,UW2,0,Dobby          ,Tafetan        ,13.0,3.0,4.0,164.5,158.0,10.6,6357.0,80.0,22.7,22.7,22.7,209.77,113.84,326.51,500.0,23.12,12.9,36.02,36.02,1.0,0.0,0.0,1.0,1.0,0.0,0.0,0.0,0.0,0.0,0.0,1.0,1.0,0.0,0.0,0.0,0.0,0.0,0.0,0.0,0.0,0.0,0.0,0.0,0.0,0.0,0.0,0.0,0.0,0.0,0.0,0.0,0.0,0.0,0.0,0.0,0.0,0.0,0.0,0.0,0.0,0.0,0,00/00,275,155,2020-12-05,250122,250122.0,19.233333333333327,1.3,21.28,22.29166666666667,4.999847997689528,2.551666666666666,12.95,13.9,9.96,10.526666666666669,1.478333333333333,3.6333333333333333,0.01666666666666667,67.08333333333333,3.716666666666667,19.55,3.016666666666667,6.686666666666667,1.65,0.06376815448333333,4.492229382144003,0.3258585138995,3.2401800025,0.141023678254147,5.014575019330616e-06,0,0,0.0,0.0,1.0,0.6424611803620104,0.3486570089736915,155,50,2020-12-05,1.5033333698908489,275,0
M201N215,70/1 A91.AP.,70/1 A91.AP.,M2,1,70.0,70.0,1.0,1.0,A91,A91,N,Tafetan        ,Oxford         ,23.0,2.0,4.0,186.8,178.0,10.8,8526.0,136.0,48.0,48.0,48.0,80.56,77.8,159.73,700.0,14.78,14.57,29.35,29.35,1.0,0.0,0.0,0.3333333333333333,0.32458401687368177,0.0,0.0,0.0,0.0,0.6666666666666666,0.6754159831263182,0.3333333333333333,0.32458401687368177,0.0,0.0,0.3333333333333333,0.3374736348722756,0.3333333333333333,0.3379423482540427,0.0,0.0,0.0,0.0,0.0,0.0,0.0,0.0,0.0,0.0,0.0,0.0,0.0,0.0,0.0,0.0,0.0,0.0,0.0,0.0,0.0,0.0,0.0,320390,33/01,263,213,2020-12-03,542096,542096.0,70.2,1.56,22.23,38.57,4.61,1.94,5.93,9.9,10.08,13.44,0.62,190.8,9.0,372.0,47.0,520.0,136.0,4.03,1.13,1.1992878143999999,5.021112934656,0.559890034564,0.3446511849,0.07472741680307653,0.056581139061457675,3,3,0.0,0.0,1.0,0.5043510924685407,0.4870719338884367,213,11,2020-12-03,24.060000101725265,313,1
M2040164,40/1 UW2.AP.,41.5/2 2NLS0.,M2,4,40.0,40.0,1.0,1.0,UW2,UW2,0,Sarga 2/2      ,Repp 2/2       ,13.0,3.0,4.0,189.9,170.0,7.6,7293.0,152.0,38.0,38.0,38.0,116.42,68.48,187.46,400.0,17.6,12.45,30.05,30.05,1.0,1.0,0.0,0.0,1.0,0.0,0.0,0.0,0.0,0.0,0.0,1.0,1.0,0.0,0.0,0.0,0.0,0.0,0.0,0.0,0.0,0.0,0.0,0.0,0.0,0.0,0.0,0.0,0.0,0.0,0.0,0.0,0.0,0.0,0.0,0.0,0.0,0.0,0.0,0.0,0.0,0.0,0,00/00,239,209,2020-12-03,530539,530539.0,39.95666666666667,1.386666666666667,13.92666666666667,30.585,4.753333333333333,2.31,11.73166666666667,36.94166666666667,13.53333333333333,14.88333333333333,1.195,425.5,31.33333333333333,587.5,65.16666666666667,137.0,30.5,5.285,1.231666666666667,0.3106879789926667,4.144723257748333,0.5345316652786667,19.0046434379875,0.9880074385196784,0.061326910645766564,0,0,0.0,0.0,1.0,0.6210391550197375,0.3653045983143071,209,27,2020-12-02,6.790000057220459,293,1
M2020186,30/1 AL1.AP.,16/1 ZWA.CC.,M2,2,30.0,30.0,1.0,1.0,AL1,AL1,0,Sarga 2/1      ,Tafetan        ,9.0,4.0,4.0,190.0,165.0,6.0,6696.0,144.0,22.0,22.0,22.0,140.09,158.6,301.95,400.0,19.24,13.98,33.22,33.22,1.0,0.0,0.0,1.0,1.0,0.0,0.0,0.0,0.0,0.0,0.0,1.0,1.0,0.0,0.0,0.0,0.0,0.0,0.0,0.0,0.0,0.0,0.0,0.0,0.0,0.0,0.0,0.0,0.0,0.0,0.0,0.0,0.0,0.0,0.0,0.0,0.0,0.0,0.0,0.0,0.0,0.0,0,00/00,262,214,2020-12-02,530595,530595.0,30.2,1.6,23.0,23.34,4.26,4.03,5.62,9.82,6.42,10.66,1.28,6.0,0.0,93.0,8.0,204.0,42.0,5.48,1.24,0.23348224,2.18034756,0.8847321224040001,0.304575949456,0.003375070575479551,0.1306286272580507,0,0,0.0,0.0,1.0,0.4639509852624607,0.5252525252525253,214,17,2020-12-01,8.279999732971191,312,1
M2070188,40/2 AK2.AP.,41.5/2 2NLS0.,M2,7,40.0,40.0,2.0,2.0,AK2,AK2,0,Dobby          ,Repp 2/2       ,14.0,3.0,4.0,190.0,175.0,8.0,7852.0,168.0,35.0,35.0,35.0,251.78,63.1,320.4,400.0,26.01,17.31,43.32,43.32,1.0,1.0,0.0,0.0,1.0,0.0,0.0,0.0,0.0,0.0,0.0,1.0,1.0,0.0,0.0,0.0,0.0,0.0,0.0,0.0,0.0,0.0,0.0,0.0,0.0,0.0,0.0,0.0,0.0,0.0,0.0,0.0,0.0,0.0,0.0,0.0,0.0,0.0,0.0,0.0,0.0,0.0,0,00/00,261,202,2020-12-01,650203,650203.0,20.2,0.7,21.17,16.24,2.61,3.63,7.17,5.0,5.5,8.84,1.23,0.0,0.0,13.0,1.0,11.0,3.0,7.37,1.97,0.01999396,1.3557109225,0.3475243981439999,0.12852225,0.0311818680960207,7.108704950059158e-10,0,0,0.0,0.0,1.0,0.7858302122347067,0.19694132334581774,202,49,2020-12-01,2.5033333698908486,308,1
M2020190,30/1 AL1.AP.,20/1 PY2.CP.,M2,2,30.0,30.0,1.0,1.0,AL1,AL1,0,Sarga 2/1      ,Tafetan        ,9.0,4.0,4.0,190.0,165.0,6.0,6696.0,144.0,29.0,29.0,29.0,140.09,167.25,310.6,400.0,19.24,16.48,35.72,35.72,1.0,0.0,0.0,1.0,1.0,0.0,0.0,0.0,0.0,0.0,0.0,1.0,1.0,0.0,0.0,0.0,0.0,0.0,0.0,0.0,0.0,0.0,0.0,0.0,0.0,0.0,0.0,0.0,0.0,0.0,0.0,0.0,0.0,0.0,0.0,0.0,0.0,0.0,0.0,0.0,0.0,0.0,0,00/00,230,213,2020-11-28,9550165,9550165.0,30.4,1.02,23.83333333333333,22.56333333333333,4.116666666666667,1.96,5.823333333333332,7.293333333333334,6.79,10.54,1.22,6.0,0.0,72.0,7.0,162.66666666666669,35.0,5.363333333333333,1.25,0.09629603283333332,2.618940273825666,0.195586153187,0.1805648525883334,0.001547213535138797,0.0384531284705662,0,0,0.0,0.0,1.0,0.4510302640051513,0.5384739214423696,213,18,2020-11-27,6.339999914169312,305,1
M2070177,40/2 FV4.AC.,34/2 FV4.AC.,M2,7,40.0,40.0,2.0,2.0,FV4,FV4,0,Dobby          ,Tafetan        ,14.0,3.0,3.0,189.3,175.0,10.0,7892.0,60.0,20.0,20.0,20.0,258.68,135.21,396.06,500.0,25.78,12.32,38.1,38.1,1.0,0.0,0.0,1.0,1.0,0.0,0.0,0.0,0.0,0.0,0.0,1.0,1.0,0.0,0.0,0.0,0.0,0.0,0.0,0.0,0.0,0.0,0.0,0.0,0.0,0.0,0.0,0.0,0.0,0.0,0.0,0.0,0.0,0.0,0.0,0.0,0.0,0.0,0.0,0.0,0.0,0.0,0,00/00,400,151,2020-11-27,250188,250188.0,40.31940000000001,1.2752479859644381,27.28,27.67133333333334,4.3781578599601785,1.806785633844066,11.536,9.7,10.777999999999999,12.342,1.244,75.0,3.2,75.2,7.2,72.8,20.0,4.762,1.05,0.285115777777778,8.671288673437202,0.253230454069867,1.2569685711088001,0.0030334319845817287,2.8039366807130934e-08,0,0,0.0,0.0,1.0,0.6531333636317729,0.3413876685350705,151,47,2020-11-27,0.8799999654293059,603,0
M2010049,60/1 PA2.KP.,60/1 AYH.CP.,M2,1,60.0,60.0,1.0,1.0,PA2,PA2,0,Tafetan        ,Tafetan        ,18.0,2.0,4.0,190.0,175.0,5.0,6788.0,104.0,35.2,35.2,35.2,70.26,67.67,139.09,720.0,12.92,11.54,24.46,24.46,1.0,0.3226982680036463,0.3231312536786345,0.0,0.0,0.0,0.0,0.6773017319963537,0.6768687463213655,0.0,0.0,0.3226982680036463,0.3231312536786345,0.0,0.0,0.14554846551200246,0.14479105356091818,0.5317532664843513,0.5320776927604474,0.0,0.0,0.0,0.0,0.0,0.0,0.0,0.0,0.0,0.0,0.0,0.0,0.0,0.0,0.0,0.0,0.0,0.0,0.0,0.0,0.0,0.0,0.0,320275,44/01,232,201,2020-11-24,541500,541500.0,60.35,1.095,25.05,32.3875,4.1812082709215455,2.1825,5.5175,7.8,7.899999999999999,12.7425,1.0225,109.65,3.025,192.35,12.1,134.675,29.075,2.565,0.6074999999999999,0.4836595772000001,3.9407867057249986,0.5253749271682501,0.18583314915,0.001681995621369475,0.1295812051225121,4,4,0.0,0.0,1.0,0.5051405564742254,0.4865195197354231,201,1,2020-11-23,5.309999942779541,1400,1
M2070184,60/1 PA2.KP.,60/1 AYH.CP.,M2,7,60.0,60.0,1.0,1.0,PA2,PA2,0,Dobby          ,Matt 2/2       ,18.0,3.0,4.0,190.0,175.0,3.5,10173.0,112.0,52.8,52.8,52.8,103.66,101.5,206.38,400.0,19.29,17.31,36.6,36.6,1.0,0.0,0.18397014045771531,0.16666666666666669,0.0,0.0,0.0,0.8333333333333335,0.8160298595422846,0.0,0.0,0.16666666666666669,0.18397014045771531,0.0,0.0,0.5952651515151516,0.0,0.23806818181818185,0.8160298595422846,0.0,0.0,0.0,0.0,0.0,0.0,0.0,0.0,0.0,0.0,0.0,0.0,0.0,0.0,0.0,0.0,0.0,0.0,0.0,0.0,0.0,0.0,0.0,320381,33/01,263,201,2020-11-19,541926,541926.0,60.35,1.095,25.05,32.3875,4.1812082709215455,2.1825,5.5175,7.8,7.899999999999999,12.7425,1.0225,109.65,3.025,192.35,12.1,134.675,29.075,2.565,0.6074999999999999,0.4836595772000001,3.9407867057249986,0.5253749271682501,0.18583314915,0.001681995621369475,0.1295812051225121,3,3,0.0,0.0,1.0,0.5022773524566334,0.4918112220176374,201,48,2020-11-18,1.7499999925494194,309,1
M2040106,60/1 A91.AP.,50/1 AY0.CP.,M2,4,60.0,60.0,1.0,1.0,A91,A91,0,Sarga 2/2      ,Matt 2/2       ,13.0,3.0,4.0,190.0,175.0,7.6,7332.0,104.0,39.4,39.4,39.4,78.03,90.89,170.12,400.0,13.94,14.16,28.1,28.1,1.0,0.0,0.0,1.0,0.0,0.0,0.0,0.0,0.0,0.0,0.0,1.0,0.0,0.0,0.0,0.0,0.0,0.0,0.0,0.0,0.0,0.0,0.0,0.0,0.0,0.0,0.0,0.0,0.0,0.0,0.0,0.0,0.0,0.0,0.0,0.0,0.0,0.0,0.0,0.0,0.0,0.0,320272,44/01,222,201,2020-11-13,541506,541506.0,60.2,1.32,19.61,31.73,4.1,1.84,4.45,12.6,11.5,13.98,1.18,256.0,15.0,476.0,72.0,718.0,180.0,4.54,1.15,0.6314527296000002,5.0857015225,0.340859804224,0.31438449,0.3933908911144575,0.8366830920783463,4,4,0.0,0.0,1.0,0.4586762285445568,0.5342699271102751,201,24,2020-11-12,3.8266667524973546,546,1
M2070217,40/1 PA2.KP.,40/1 P47.AP.,M2,7,40.0,40.0,1.0,1.0,PA2,PA2,0,Dobby          ,Matt 2/2       ,21.0,2.0,3.0,170.2,160.0,6.0,7080.0,98.0,31.1,31.1,31.1,111.1,80.6,193.37,500.0,18.02,12.49,30.51,30.51,1.0,0.0,0.0,1.0,1.0,0.0,0.0,0.0,0.0,0.0,0.0,1.0,1.0,0.0,0.0,0.0,0.0,0.0,0.0,0.0,0.0,0.0,0.0,0.0,0.0,0.0,0.0,0.0,0.0,0.0,0.0,0.0,0.0,0.0,0.0,0.0,0.0,0.0,0.0,0.0,0.0,0.0,0,00/00,323,162,2020-11-06,9230337,9230337.0,40.33076923076922,1.075384615384616,25.06507256615384,25.234615384615378,3.9899430247273777,2.745384615384615,5.844615384615384,7.7399999999999975,7.36153846153846,11.544615384615382,1.131538461538461,30.35384615384615,0.2461538461538462,93.6153846153846,4.2,62.161538461538456,12.01615384615385,3.2623076923076932,0.7561538461538462,0.1982517627,3.4969499962546164,0.4888437668946155,0.205458071131077,0.001153237829074498,0.05432874931011388,0,0,0.0,0.0,1.0,0.5745462067538915,0.4168175001292858,162,52,2020-11-05,2.1099999785423282,377,0
M2030202,16/1 AL1.AP.,16/1 UYG.CP.,M2,3,16.0,16.0,1.0,1.0,AL1,AL1,0,Sarga 3/1      ,Repp 2/2       ,16.0,2.0,3.0,190.0,170.0,6.0,5984.0,144.0,22.8,22.8,22.8,234.74,164.36,404.91,500.0,22.85,14.48,37.33,37.33,1.0,0.0,0.0,1.0,1.0,0.0,0.0,0.0,0.0,0.0,0.0,1.0,1.0,0.0,0.0,0.0,0.0,0.0,0.0,0.0,0.0,0.0,0.0,0.0,0.0,0.0,0.0,0.0,0.0,0.0,0.0,0.0,0.0,0.0,0.0,0.0,0.0,0.0,0.0,0.0,0.0,0.0,0,00/00,268,212,2020-11-05,530606,530606.0,15.8,1.1,25.77,18.62,4.65,2.43,7.17,5.8,5.73,9.07,1.65,0.0,0.0,36.0,6.0,44.0,9.0,7.05,1.51,0.03020644000000001,2.180409577641,0.2047254811560001,0.1729395396,2.272194069303743e-06,9.038283709959511e-08,0,0,0.0,0.0,1.0,0.5797337679978266,0.4059173643525722,212,22,2020-11-05,9.787499755620958,318,1
M2030204,40/2 PA2.AP.,150/144 1PSSP,M2,3,40.0,40.0,2.0,2.0,PA2,PA2,0,Sarga 3/1      ,Repp 2/2       ,14.0,2.0,3.0,190.0,175.0,8.0,5208.0,168.0,39.0,39.0,39.0,167.0,127.08,299.6,400.0,17.44,14.48,31.92,31.92,1.0,1.0,0.0,0.0,1.0,0.0,0.0,0.0,0.0,0.0,0.0,1.0,1.0,0.0,0.0,0.0,0.0,0.0,0.0,0.0,0.0,0.0,0.0,0.0,0.0,0.0,0.0,0.0,0.0,0.0,0.0,0.0,0.0,0.0,0.0,0.0,0.0,0.0,0.0,0.0,0.0,0.0,0,00/00,251,206,2020-11-05,230080,230080.0,20.13,0.675,26.410590115404002,15.67,3.5039185207421712,1.76,6.142749500000001,4.42,4.75,8.36,1.175,0.0,0.0,5.65,0.4,4.45,0.55,5.8599999999999985,1.545,0.019338349121999998,1.5755837032445759,0.08400929619200001,0.07384344738545033,9.784017790107607e-09,1.702328806210076e-05,0,0,0.0,0.0,1.0,0.5574098798397863,0.4241655540720961,206,23,2020-11-04,3.3866666555404663,300,1
M2010104,60/1 A91.AP.,50/1 AY0.CP.,M2,1,60.0,60.0,1.0,1.0,A91,A91,0,Tafetan        ,Tafetan        ,18.0,2.0,3.0,190.0,175.0,5.0,6788.0,78.0,30.0,30.0,30.0,70.26,69.21,140.36,400.0,12.86,10.78,23.64,23.64,1.0,0.0,0.5001471453796351,1.0,0.0,0.0,0.0,0.0,0.499852854620365,0.0,0.0,1.0,0.5001471453796351,0.0,0.0,0.0,0.0,0.0,0.499852854620365,0.0,0.0,0.0,0.0,0.0,0.0,0.0,0.0,0.0,0.0,0.0,0.0,0.0,0.0,0.0,0.0,0.0,0.0,0.0,0.0,0.0,0.0,0.0,320273,22/01,257,212,2020-11-03,541597,541597.0,60.5,0.74,22.63,35.75,4.02,1.79,5.43,10.32,9.4,12.63,0.63,104.0,3.0,236.0,28.0,326.0,84.0,4.05,1.07,0.20043529,4.5250649284,0.4095040056249999,0.314021261376,0.043961926541386434,0.2214391230918148,2,2,0.0,0.0,1.0,0.5005699629524081,0.4930891992020518,212,2,2020-11-03,4.660000038146973,616,1
M2070165,40/2 KE2.AC.,16/1 UYG.CC.,M2,7,40.0,40.0,2.0,2.0,KE2,KE2,0,Dobby          ,Repp 2/2       ,17.0,2.0,3.0,190.0,175.0,7.5,6356.0,156.0,27.2,27.2,27.2,202.71,196.08,403.96,400.0,21.13,17.27,38.4,38.4,1.0,0.0,0.0,1.0,1.0,0.0,0.0,0.0,0.0,0.0,0.0,1.0,1.0,0.0,0.0,0.0,0.0,0.0,0.0,0.0,0.0,0.0,0.0,0.0,0.0,0.0,0.0,0.0,0.0,0.0,0.0,0.0,0.0,0.0,0.0,0.0,0.0,0.0,0.0,0.0,0.0,0.0,0,00/00,259,206,2020-10-30,8650349,8650349.0,20.2,1.1,18.91,16.12,2.495,2.495,12.47,4.5,5.9,9.27,1.29,0.0,0.0,13.0,1.0,23.0,2.0,7.58,2.16,0.04937284000000002,1.2447641761,0.19406576228,0.3148893225000001,0.5321468355175657,9.863428800926566e-41,0,0,0.0,0.0,1.0,0.5018071096148133,0.4853945935241114,206,45,2020-10-29,8.259999752044678,353,1
M2010150,16/1 UYG.CC.,16/1 UYG.CC.,M2,1,16.0,16.0,1.0,1.0,UYG,UYG,0,Tafetan        ,Oxford         ,9.0,2.0,3.0,190.2,179.0,7.0,3384.0,60.0,19.6,19.6,19.6,134.18,141.44,278.32,400.0,12.2,12.45,24.65,24.65,1.0,0.0,0.0,1.0,1.0,0.0,0.0,0.0,0.0,0.0,0.0,1.0,1.0,0.0,0.0,0.0,0.0,0.0,0.0,0.0,0.0,0.0,0.0,0.0,0.0,0.0,0.0,0.0,0.0,0.0,0.0,0.0,0.0,0.0,0.0,0.0,0.0,0.0,0.0,0.0,0.0,0.0,0,00/00,272,210,2020-10-29,530555,530555.0,16.1,1.55,14.36,17.61,4.4,2.24,7.41,7.15,6.56,12.39,1.79,25.0,0.0,329.0,27.0,134.0,19.0,7.18,1.59,0.062275202500000015,0.8873941442559997,0.155601847296,0.2807039342250001,0.999999579504248,2.698178099016658e-06,0,0,0.0,0.0,1.0,0.4821069272779535,0.5081920091980454,210,4,2020-10-29,4.003333409627278,321,1
M2020183,40/2 FV4.AC.,150/144 1PSSP,M2,2,40.0,40.0,2.0,2.0,FV4,FV4,0,Sarga 2/1      ,Repp 2/2       ,16.0,2.0,2.0,190.0,172.0,8.0,5984.0,96.0,28.0,28.0,28.0,191.88,91.23,286.38,400.0,20.06,12.1,32.16,32.16,1.0,1.0,0.0,0.0,1.0,0.0,0.0,0.0,0.0,0.0,0.0,1.0,1.0,0.0,0.0,0.0,0.0,0.0,0.0,0.0,0.0,0.0,0.0,0.0,0.0,0.0,0.0,0.0,0.0,0.0,0.0,0.0,0.0,0.0,0.0,0.0,0.0,0.0,0.0,0.0,0.0,0.0,0,00/00,251,213,2020-10-22,250082,250082.0,40.2,1.45,24.56,27.651999999999997,4.372,1.82,11.11,8.91,10.764000000000001,12.008,1.01,58.66,2.2,71.8,7.0,66.4,23.8,4.686,1.038,0.35514664562,7.045823344466799,0.2677619909972,0.985918734205,0.02379915797981158,5.250488012252741e-08,0,0,0.0,0.0,1.0,0.6700188560653677,0.3185627487953069,213,16,2020-10-22,1.9574999809265137,300,1
M201N024,160/2 P38.AP.,50/1 PA2.AP.,M2,1,160.0,160.0,2.0,2.0,P38,P38,N,Tafetan        ,Tafetan        ,16.0,3.0,3.0,190.0,175.0,6.0,9042.0,78.0,34.6,34.6,34.6,70.94,79.82,151.43,400.0,14.79,12.43,27.22,27.22,1.0,0.0,0.0,0.5,0.5,0.5,0.5,0.0,0.0,0.0,0.0,0.5,0.5,0.5,0.5,0.0,0.0,0.0,0.0,0.0,0.0,0.0,0.0,0.0,0.0,0.0,0.0,0.0,0.0,0.0,0.0,0.0,0.0,0.0,0.0,0.0,0.0,0.0,0.0,0.0,0.0,0.0,320100,22/01,313,161,2020-10-16,9230021,9230021.0,150.16666666666669,1.186666666666667,15.30801852833333,56.14166666666666,4.583947888091743,2.455000000000001,4.4300000000000015,16.41333333333333,20.05,17.58333333333333,0.8933333333333332,1520.333333333333,287.15,1278.0,259.3,2589.833333333333,619.8666666666667,2.401666666666667,0.8366666666666668,3.338659388983333,9.443399999917665,1.9625960740948332,0.5312082851869999,0.8841476294875368,0.7794341225474696,2,2,0.0,0.0,1.0,0.4684672786105791,0.5271082348279732,161,10,2020-10-13,7.552500247955322,718,0
M2020182,40/2 FV4.AC.,20/1 UYE.CC.,M2,2,40.0,40.0,2.0,2.0,FV4,FV4,0,Sarga 2/1      ,Repp 2/2       ,16.0,2.0,2.0,190.0,172.0,8.0,5984.0,96.0,21.3,21.3,21.3,191.88,122.84,317.99,400.0,20.06,12.1,32.16,32.16,1.0,0.0,0.0,1.0,1.0,0.0,0.0,0.0,0.0,0.0,0.0,1.0,1.0,0.0,0.0,0.0,0.0,0.0,0.0,0.0,0.0,0.0,0.0,0.0,0.0,0.0,0.0,0.0,0.0,0.0,0.0,0.0,0.0,0.0,0.0,0.0,0.0,0.0,0.0,0.0,0.0,0.0,0,00/00,299,210,2020-10-15,250082,250082.0,40.2,1.45,24.56,27.651999999999997,4.372,1.82,11.11,8.91,10.764000000000001,12.008,1.01,58.66,2.2,71.8,7.0,66.4,23.8,4.686,1.038,0.35514664562,7.045823344466799,0.2677619909972,0.985918734205,0.02379915797981158,5.250488012252741e-08,0,0,0.0,0.0,1.0,0.6034152017359036,0.3863014560206296,210,15,2020-10-15,2.2733333110809326,299,1
M2020154,60/2 PLB.BP.,16/1 UYG.CC.,M2,2,60.0,60.0,2.0,2.0,PLB,PLB,0,Sarga 2/1      ,Repp 2/1       ,14.0,3.0,4.0,190.0,173.0,7.0,7854.0,168.0,23.1,23.1,23.1,166.09,166.53,336.3,400.0,21.53,14.68,36.21,36.21,1.0,0.0,0.0,1.0,1.0,0.0,0.0,0.0,0.0,0.0,0.0,1.0,1.0,0.0,0.0,0.0,0.0,0.0,0.0,0.0,0.0,0.0,0.0,0.0,0.0,0.0,0.0,0.0,0.0,0.0,0.0,0.0,0.0,0.0,0.0,0.0,0.0,0.0,0.0,0.0,0.0,0.0,0,00/00,297,210,2020-10-13,650197,650197.0,29.5,0.7,24.87,19.74,2.4,2.4,6.74,6.5,6.1,8.18,0.93,0.0,0.0,4.0,0.0,11.0,1.0,3.82,0.83,0.042642249999999986,2.3015013849,0.280560672,0.19193161,5.4573982094047715e-05,3.568138161820335e-05,0,0,0.0,0.0,1.0,0.4938745168004758,0.4951828724353256,210,14,2020-10-13,5.579999923706055,297,1
M2030163,60/2 PA2.AP.,77.6/2 2NLS0.,M2,3,60.0,60.0,2.0,2.0,PA2,PA2,0,Sarga 3/1      ,Repp 2/1       ,10.0,4.0,4.0,190.0,155.0,10.0,7480.0,120.0,32.6,32.6,32.6,163.45,109.9,276.1,400.0,22.73,16.58,39.31,39.31,1.0,1.0,0.0,0.0,1.0,0.0,0.0,0.0,0.0,0.0,0.0,1.0,1.0,0.0,0.0,0.0,0.0,0.0,0.0,0.0,0.0,0.0,0.0,0.0,0.0,0.0,0.0,0.0,0.0,0.0,0.0,0.0,0.0,0.0,0.0,0.0,0.0,0.0,0.0,0.0,0.0,0.0,0,00/00,305,215,2020-10-13,620127,620127.0,30.16666666666667,0.7000000000000001,24.61333333333333,20.02,2.175,2.175,5.87,5.600000000000001,6.166666666666668,9.466666666666667,1.08,1.333333333333333,0.0,19.33333333333333,1.0,39.0,4.666666666666667,5.753333333333334,1.396666666666667,0.04522282666666667,2.307572052533333,0.28240355864300004,0.1089156642666667,0.0001134770486592795,0.005050386519781818,0,0,0.0,0.0,1.0,0.5919956537486417,0.3980441868888084,215,21,2020-10-13,1.9683333337306976,305,1
M2030162,40/2 PK2.AP.,16/1 UYG.CC.,M2,3,40.0,40.0,2.0,2.0,PK2,PK2,0,Sarga 3/1      ,Repp 2/2       ,17.0,2.0,3.0,190.0,187.0,8.0,6356.0,156.0,26.1,26.1,26.1,203.81,188.15,397.09,400.0,19.77,16.58,36.35,36.35,1.0,0.0,0.0,1.0,1.0,0.0,0.0,0.0,0.0,0.0,0.0,1.0,1.0,0.0,0.0,0.0,0.0,0.0,0.0,0.0,0.0,0.0,0.0,0.0,0.0,0.0,0.0,0.0,0.0,0.0,0.0,0.0,0.0,0.0,0.0,0.0,0.0,0.0,0.0,0.0,0.0,0.0,0,00/00,310,207,2020-10-13,650203,650203.0,20.2,0.7,21.17,16.24,2.61,3.63,7.17,5.0,5.5,8.84,1.23,0.0,0.0,13.0,1.0,11.0,3.0,7.37,1.97,0.01999396,1.3557109225,0.3475243981439999,0.12852225,0.0311818680960207,7.108704950059158e-10,0,0,0.0,0.0,1.0,0.513258958926188,0.4738220554534237,207,20,2020-10-13,1.6940000534057618,620,1
M204N139,60/1 A91.AP.,60/1 A91.AP.,M2,4,60.0,60.0,1.0,1.0,A91,A91,N,Sarga 2/2      ,Matt 2/2       ,14.0,3.0,4.0,186.3,174.6,7.6,7758.0,88.0,40.2,40.2,40.2,82.56,75.82,159.41,400.0,14.72,13.18,27.9,27.9,1.0,0.6666666666666667,0.6874839041977853,0.0,0.0,0.0,0.0,0.07412935323383085,0.0937419520988926,0.2592039800995025,0.21877414370332215,0.6666666666666667,0.6874839041977853,0.0,0.0,0.2592039800995025,0.21877414370332215,0.07412935323383085,0.0937419520988926,0.0,0.0,0.0,0.0,0.0,0.0,0.0,0.0,0.0,0.0,0.0,0.0,0.0,0.0,0.0,0.0,0.0,0.0,0.0,0.0,0.0,0.0,0.0,320312,33/01,332,201,2020-10-12,541856,541856.0,60.7,1.3,21.99,35.64,4.6,1.9,5.15,10.13,8.94,12.8,1.08,132.0,5.0,220.0,22.0,367.0,72.0,3.82,1.02,0.6226788100000002,3.8647864008359987,0.45854566560000004,0.272165673025,0.06413904778178274,0.3868554416188744,3,3,0.0,0.0,1.0,0.517909792359325,0.4756288815005332,201,28,2020-10-12,5.1814285176140915,332,1
M207N140,60/1 A91.AP.,60/1 A91.AP.,M2,7,60.0,60.0,1.0,1.0,A91,A91,N,Dobby          ,Matt 2/2       ,19.0,3.0,3.0,183.1,175.0,3.5,10347.0,90.0,51.2,51.2,51.2,105.44,94.95,201.39,660.0,19.55,16.78,36.33,36.33,1.0,1.0,0.1817479478512796,0.0,0.0,0.0,0.0,0.0,0.8182520521487204,0.0,0.0,1.0,0.1817479478512796,0.0,0.0,0.0,0.0,0.0,0.8182520521487204,0.0,0.0,0.0,0.0,0.0,0.0,0.0,0.0,0.0,0.0,0.0,0.0,0.0,0.0,0.0,0.0,0.0,0.0,0.0,0.0,0.0,0.0,0.0,320321,21/01,290,210,2020-10-10,541857,541857.0,60.7,1.3,21.99,35.64,4.6,1.9,5.15,10.13,8.94,12.8,1.08,132.0,5.0,220.0,22.0,367.0,72.0,3.82,1.02,0.6226788100000002,3.8647864008359987,0.45854566560000004,0.272165673025,0.06413904778178274,0.3868554416188744,2,1,0.0,0.0,1.0,0.5235612493172451,0.4714732608371816,210,55,2020-10-09,5.1555555131700315,580,1
M2010170,40/1 PA2.AP.,30/1 PYB.CP.,M2,1,40.0,40.0,1.0,1.0,PA2,PA2,0,Tafetan        ,Tafetan        ,19.0,2.0,3.0,189.5,177.0,7.0,7048.0,228.0,27.6,27.6,27.6,111.78,105.85,221.38,720.0,16.51,12.8,29.31,29.31,1.0,0.0,0.0,1.0,1.0,0.0,0.0,0.0,0.0,0.0,0.0,1.0,1.0,0.0,0.0,0.0,0.0,0.0,0.0,0.0,0.0,0.0,0.0,0.0,0.0,0.0,0.0,0.0,0.0,0.0,0.0,0.0,0.0,0.0,0.0,0.0,0.0,0.0,0.0,0.0,0.0,0.0,0,00/00,520,203,2020-10-02,9230337,9230337.0,40.33076923076922,1.075384615384616,25.06507256615384,25.234615384615378,3.9899430247273777,2.745384615384615,5.844615384615384,7.7399999999999975,7.36153846153846,11.544615384615382,1.131538461538461,30.35384615384615,0.2461538461538462,93.6153846153846,4.2,62.161538461538456,12.01615384615385,3.2623076923076932,0.7561538461538462,0.1982517627,3.4969499962546164,0.4888437668946155,0.205458071131077,0.001153237829074498,0.05432874931011388,0,0,0.0,0.0,1.0,0.5049236606739543,0.4781371397596892,203,6,2020-10-02,0.5862499922513962,520,1
M2070177,40/2 FV4.AC.,34/2 FV4.AC.,M2,7,40.0,40.0,2.0,2.0,FV4,FV4,0,Dobby          ,Tafetan        ,14.0,3.0,3.0,189.3,175.0,10.0,7892.0,60.0,20.0,20.0,20.0,258.68,135.21,396.06,500.0,25.78,12.32,38.1,38.1,1.0,0.0,0.0,1.0,1.0,0.0,0.0,0.0,0.0,0.0,0.0,1.0,1.0,0.0,0.0,0.0,0.0,0.0,0.0,0.0,0.0,0.0,0.0,0.0,0.0,0.0,0.0,0.0,0.0,0.0,0.0,0.0,0.0,0.0,0.0,0.0,0.0,0.0,0.0,0.0,0.0,0.0,0,00/00,236,210,2020-09-30,250082,250082.0,40.2,1.45,24.56,27.651999999999997,4.372,1.82,11.11,8.91,10.764000000000001,12.008,1.01,58.66,2.2,71.8,7.0,66.4,23.8,4.686,1.038,0.35514664562,7.045823344466799,0.2677619909972,0.985918734205,0.02379915797981158,5.250488012252741e-08,0,0,0.0,0.0,1.0,0.6531333636317729,0.3413876685350705,210,46,2020-09-30,7.2625001817941675,636,1
M2040142,40/2 PK2.AP.,40/2 PK2.AP.,M2,4,40.0,40.0,2.0,2.0,PK2,PK2,0,Sarga 2/2      ,Matt 2/2       ,15.0,2.0,3.0,190.0,165.0,7.5,5612.0,132.0,27.44,27.44,27.44,178.98,158.26,341.64,400.0,19.77,15.59,35.36,35.36,1.0,0.0,0.0,0.5,0.4994660021359914,0.0,0.0,0.0,0.0,0.5,0.5005339978640085,0.5,0.4994660021359914,0.0,0.0,0.0,0.0,0.0,0.0,0.0,0.0,0.5,0.5005339978640085,0.0,0.0,0.0,0.0,0.0,0.0,0.0,0.0,0.0,0.0,0.0,0.0,0.0,0.0,0.0,0.0,0.0,0.0,0.0,320324,22/01,316,211,2020-09-16,9650328,9650328.0,19.9,1.0,20.85,16.79,1.25,3.76,7.06,6.2,5.6,9.04,1.57,0.0,0.0,15.0,1.0,11.0,1.0,7.2,2.03,0.03960099999999999,1.36328976,0.39854474041599997,0.1915987984,0.05654604766312288,1.261854458420687e-06,2,2,0.0,0.0,1.0,0.5238847910080787,0.4632361550169769,211,26,2020-09-16,5.690000057220459,316,1
M2070145,40/1 PD3.AP.,50/1 AY2.CP.,M2,7,40.0,40.0,1.0,1.0,PD3,PD3,0,Dobby          ,Repp 2/2       ,18.0,4.0,4.0,190.0,180.0,6.5,13392.0,288.0,50.4,50.4,50.4,211.26,116.27,332.13,400.0,30.52,18.1,48.62000000000001,48.62000000000001,1.0,0.0,0.0,1.0,1.0,0.0,0.0,0.0,0.0,0.0,0.0,1.0,1.0,0.0,0.0,0.0,0.0,0.0,0.0,0.0,0.0,0.0,0.0,0.0,0.0,0.0,0.0,0.0,0.0,0.0,0.0,0.0,0.0,0.0,0.0,0.0,0.0,0.0,0.0,0.0,0.0,0.0,0,00/00,417,201,2020-09-02,530385,530385.0,40.066666666666656,1.123333333333333,22.43666666666667,23.17166666666667,3.6633333333333336,2.2583333333333333,5.965,7.7316666666666665,7.566666666666666,10.405,0.9716666666666668,55.83333333333334,1.333333333333333,175.83333333333331,15.16666666666667,169.5,43.16666666666666,5.071666666666667,1.188333333333333,0.2089060565666667,3.133724167975,0.2813775305748333,0.217403048426,0.02489745489333489,0.01927328602187755,0,0,0.0,0.0,1.0,0.6360762352091048,0.3500737662963297,201,44,2020-09-01,5.87714284658432,417,1
M2050123,30/1 P27.AP.,20/1 UYI.CC.,M2,5,30.0,30.0,1.0,1.0,P27,P27,0,Saten 4/1      ,Dobby          ,15.0,4.0,4.0,190.0,173.0,7.5,11160.0,240.0,28.4,28.4,28.4,237.28,163.79,406.3,400.0,30.56,16.12,46.68,46.68,1.0,0.0,0.0,1.0,1.0,0.0,0.0,0.0,0.0,0.0,0.0,1.0,1.0,0.0,0.0,0.0,0.0,0.0,0.0,0.0,0.0,0.0,0.0,0.0,0.0,0.0,0.0,0.0,0.0,0.0,0.0,0.0,0.0,0.0,0.0,0.0,0.0,0.0,0.0,0.0,0.0,0.0,0,00/00,299,213,2020-08-20,6200378,6200378.0,30.2,1.23,25.9862899001,20.48,3.7391193259019335,2.85,5.730779,6.17,5.8,10.07,1.15,7.0,0.0,37.9,2.3,40.2,7.0,5.39,1.22,0.1379825316,2.27166635196514,0.3406823423999999,0.1250252263925495,1.7824243617197983e-06,0.01937901834314142,0,0,0.0,0.0,1.0,0.5840019689884322,0.4031257691361063,213,29,2020-08-20,3.1799999872843423,994,1
M2070141,40/1 PA2.KP.,30/1 P39.AP.,M2,7,40.0,40.0,1.0,1.0,PA2,PA2,0,Dobby          ,Matt 2/2       ,20.0,2.0,3.0,170.1,160.0,6.0,6740.0,96.0,20.0,20.0,20.0,105.76,69.07,176.47,700.0,17.16,9.27,26.43,26.43,1.0,0.0,0.0,1.0,1.0,0.0,0.0,0.0,0.0,0.0,0.0,1.0,1.0,0.0,0.0,0.0,0.0,0.0,0.0,0.0,0.0,0.0,0.0,0.0,0.0,0.0,0.0,0.0,0.0,0.0,0.0,0.0,0.0,0.0,0.0,0.0,0.0,0.0,0.0,0.0,0.0,0.0,0,00/00,260,159,2020-08-19,9230337,9230337.0,40.33076923076922,1.075384615384616,25.06507256615384,25.234615384615378,3.9899430247273777,2.745384615384615,5.844615384615384,7.7399999999999975,7.36153846153846,11.544615384615382,1.131538461538461,30.35384615384615,0.2461538461538462,93.6153846153846,4.2,62.161538461538456,12.01615384615385,3.2623076923076932,0.7561538461538462,0.1982517627,3.4969499962546164,0.4888437668946155,0.205458071131077,0.001153237829074498,0.05432874931011388,0,0,0.0,0.0,1.0,0.5993086643622145,0.3913979713265711,159,43,2020-08-18,0.6433333257834116,320,0
M2070125,60/1 PA2.KP.,60/1 PA2.KP.,M2,7,60.0,60.0,1.0,1.0,PA2,PA2,0,Dobby          ,Tafetan        ,21.0,2.0,4.0,184.0,174.0,6.3,7664.0,128.0,53.83,53.83,53.83,80.43,100.31,182.16,700.0,14.69,17.65,32.34,32.34,1.0,0.0,0.0,0.6665851869958445,0.8667883211678832,0.0,0.0,0.0,0.0,0.33341481300415543,0.1332116788321168,0.6665851869958445,0.8667883211678832,0.0,0.0,0.33341481300415543,0.1332116788321168,0.0,0.0,0.0,0.0,0.0,0.0,0.0,0.0,0.0,0.0,0.0,0.0,0.0,0.0,0.0,0.0,0.0,0.0,0.0,0.0,0.0,0.0,0.0,0.0,0.0,320295,23/01,260,159,2020-08-10,541547,541547.0,60.35,1.095,25.05,32.3875,4.1812082709215455,2.1825,5.5175,7.8,7.899999999999999,12.7425,1.0225,109.65,3.025,192.35,12.1,134.675,29.075,2.565,0.6074999999999999,0.4836595772000001,3.9407867057249986,0.5253749271682501,0.18583314915,0.001681995621369475,0.1295812051225121,2,3,0.0,0.0,1.0,0.4415349143610013,0.5506697408871322,159,40,2020-08-08,6.4700000286102295,308,0
M2070131,30/1 U00.AP.,30/1 U00.AP.,M2,7,30.0,30.0,1.0,1.0,U00,U00,0,Dobby          ,Repp 2/2       ,20.0,2.0,4.0,180.0,170.0,7.0,7140.0,120.0,24.0,24.0,24.0,150.99,87.56,241.17,520.0,19.81,11.14,30.95,30.95,1.0,0.0,0.0,1.0,0.16657334826427772,0.0,0.0,0.0,0.0,0.0,0.8334266517357223,1.0,0.16657334826427772,0.0,0.0,0.0,0.0,0.0,0.8334266517357223,0.0,0.0,0.0,0.0,0.0,0.0,0.0,0.0,0.0,0.0,0.0,0.0,0.0,0.0,0.0,0.0,0.0,0.0,0.0,0.0,0.0,0.0,0.0,320302,21/01,326,213,2020-08-08,9630256,9630256.0,30.01666666666667,1.15,16.34333333333333,23.78,2.9872222222222216,3.664444444444445,6.746666666666666,6.233333333333333,7.449999999999998,12.225,1.3516666666666668,43.83333333333334,0.5,237.16666666666669,15.83333333333333,180.83333333333331,26.33333333333333,5.873333333333332,1.4216666666666669,0.1246707416666666,1.4890281883,0.8155414493808334,0.1784775684333333,0.981901742279872,0.00014854215772619068,2,1,0.0,0.0,1.0,0.6260728946386367,0.3630633992619314,213,42,2020-08-08,5.560000061988831,326,1
M2040107,60/1 PA2.KP.,60/1 AYH.CP.,M2,4,60.0,60.0,1.0,1.0,PA2,PA2,0,Sarga 2/2      ,Matt 2/2       ,14.0,3.0,4.0,190.0,175.0,7.6,7911.0,88.0,46.4,46.4,46.4,84.19,89.2,174.42,600.0,14.99,15.22,30.21,30.21,1.0,0.0,0.0,0.0,0.0,0.0,0.0,1.0,1.0,0.0,0.0,0.0,0.0,0.0,0.0,0.29310344827586204,0.30256345498168963,0.7068965517241379,0.6974365450183104,0.0,0.0,0.0,0.0,0.0,0.0,0.0,0.0,0.0,0.0,0.0,0.0,0.0,0.0,0.0,0.0,0.0,0.0,0.0,0.0,0.0,0.0,0.0,320274,33/01,316,202,2020-08-08,541509,541509.0,60.35,1.095,25.05,32.3875,4.1812082709215455,2.1825,5.5175,7.8,7.899999999999999,12.7425,1.0225,109.65,3.025,192.35,12.1,134.675,29.075,2.565,0.6074999999999999,0.4836595772000001,3.9407867057249986,0.5253749271682501,0.18583314915,0.001681995621369475,0.1295812051225121,3,3,0.0,0.0,1.0,0.4826854718495586,0.5114092420593969,202,25,2020-08-07,1.2042857238224574,316,1
M2070083,60/1 PA2.KP.,60/1 PA2.KP.,M2,7,60.0,60.0,1.0,1.0,PA2,PA2,0,Dobby          ,Oxford         ,15.0,3.0,4.0,180.7,174.0,6.3,8028.0,136.0,40.9,40.9,40.9,84.25,74.89,160.65,450.0,15.38,13.41,28.79,28.79,1.0,0.0,0.0,0.8332518337408314,0.16650074664011946,0.0,0.0,0.0,0.0,0.16674816625916875,0.8334992533598805,0.8332518337408314,0.16650074664011946,0.0,0.7498755599800896,0.08337408312958437,0.0,0.08337408312958437,0.08362369337979095,0.0,0.0,0.0,0.0,0.0,0.0,0.0,0.0,0.0,0.0,0.0,0.0,0.0,0.0,0.0,0.0,0.0,0.0,0.0,0.0,0.0,0.0,0.0,320217,33/01,333,214,2020-08-07,541552,541552.0,60.35,1.095,25.05,32.3875,4.1812082709215455,2.1825,5.5175,7.8,7.899999999999999,12.7425,1.0225,109.65,3.025,192.35,12.1,134.675,29.075,2.565,0.6074999999999999,0.4836595772000001,3.9407867057249986,0.5253749271682501,0.18583314915,0.001681995621369475,0.1295812051225121,3,3,0.0,0.0,1.0,0.5244319950202303,0.4661686896981014,214,35,2020-08-07,3.651428580284119,333,1
M2070115,60/1 PA2.KP.,60/1 AYH.CP.,M2,7,60.0,60.0,1.0,1.0,PA2,PA2,0,Dobby          ,Matt 2/2       ,18.0,3.0,4.0,190.0,175.0,3.5,10173.0,112.0,54.3,54.3,54.3,103.66,104.39,209.27,400.0,19.29,17.8,37.09,37.09,1.0,0.0,0.0,1.0,1.0,0.0,0.0,0.0,0.0,0.0,0.0,1.0,1.0,0.0,0.0,0.0,0.0,0.0,0.0,0.0,0.0,0.0,0.0,0.0,0.0,0.0,0.0,0.0,0.0,0.0,0.0,0.0,0.0,0.0,0.0,0.0,0.0,0.0,0.0,0.0,0.0,0.0,320276,33/01,161,203,2020-08-06,540509,540509.0,60.3,0.992,26.01266666666666,32.14600000000001,4.15003075495306,2.81,5.4946666666666655,7.786666666666667,8.793333333333331,12.3964,0.9959333333333332,72.43333333333331,1.48,171.98666666666668,11.026666666666669,134.6133333333334,33.81333333333333,2.5762666666666667,0.6178,0.4045100297733334,5.3413094445933345,0.8436399968468666,0.1878373356533333,0.002714002504611142,0.1358968018837183,3,3,0.0,0.0,1.0,0.4953409471018301,0.4988292636307163,203,37,2020-08-06,4.280000070730845,642,1
M2070085,60/1 PA2.KP.,60/1 PA2.KP.,M2,7,60.0,60.0,1.0,1.0,PA2,PA2,0,Dobby          ,Oxford         ,22.0,2.0,3.0,184.0,174.0,6.3,8028.0,96.0,53.8,53.8,53.8,84.25,100.25,185.59,650.0,15.31,17.65,32.96,32.96,1.0,0.0,0.0,0.7894052044609665,0.7999004479840717,0.0,0.0,0.0,0.0,0.21059479553903346,0.20009955201592836,0.7894052044609665,0.7999004479840717,0.0,0.0,0.21059479553903346,0.20009955201592836,0.0,0.0,0.0,0.0,0.0,0.0,0.0,0.0,0.0,0.0,0.0,0.0,0.0,0.0,0.0,0.0,0.0,0.0,0.0,0.0,0.0,0.0,0.0,0.0,0.0,320219,22/01,308,148,2020-08-04,9230196,9230196.0,60.3,0.992,26.01266666666666,32.14600000000001,4.15003075495306,2.81,5.4946666666666655,7.786666666666667,8.793333333333331,12.3964,0.9959333333333332,72.43333333333331,1.48,171.98666666666668,11.026666666666669,134.6133333333334,33.81333333333333,2.5762666666666667,0.6178,0.4045100297733334,5.3413094445933345,0.8436399968468666,0.1878373356533333,0.002714002504611142,0.1358968018837183,2,2,0.0,0.0,1.0,0.4539576485802037,0.5401691901503314,148,36,2020-08-01,10.207499861717224,308,0
M2070076,60/1 PA2.KP.,60/1 PA2.KP.,M2,7,60.0,60.0,1.0,1.0,PA2,PA2,0,Dobby          ,Dobby          ,15.0,4.0,4.0,180.5,169.0,6.5,10736.0,96.0,40.9,40.9,40.9,112.91,74.81,188.81,660.0,21.02,13.41,34.43,34.43,1.0,0.0,0.0,0.5,0.4999069247952346,0.0,0.0,0.0,0.0,0.5,0.5000930752047654,0.5,0.4999069247952346,0.0,0.0,0.0,0.0,0.5,0.5000930752047654,0.0,0.0,0.0,0.0,0.0,0.0,0.0,0.0,0.0,0.0,0.0,0.0,0.0,0.0,0.0,0.0,0.0,0.0,0.0,0.0,0.0,0.0,0.0,320213,22/01,311,208,2020-07-31,9230329,9230329.0,60.311111111111096,0.9794444444444442,24.64017810277778,32.23777777777778,4.161879215117816,2.5694444444444438,5.4177777777777765,8.305555555555559,8.602222222222222,12.803722222222222,1.026444444444444,118.0944444444444,3.938888888888889,206.52222222222218,13.13333333333333,149.03333333333333,32.8,2.6477777777777782,0.629888888888889,0.3593029441666666,4.538087639064412,0.7393456018321112,0.2032059586861111,0.00577041431066499,0.1998025712793987,2,2,0.0,0.0,1.0,0.5980085800540226,0.3962184206345003,208,34,2020-07-31,13.360000133514404,311,1
M2070119,60/1 PA2.KP.,60/1 PA2.KP.,M2,7,60.0,60.0,1.0,1.0,PA2,PA2,0,Dobby          ,Oxford         ,22.0,2.0,4.0,184.0,174.0,6.3,8030.0,128.0,40.9,40.9,40.9,84.27,76.21,161.9,700.0,15.38,13.41,28.79,28.79,1.0,0.24993886035705554,0.25006220452848965,0.0,0.0,0.0,0.0,0.7500611396429445,0.7499377954715103,0.0,0.0,0.24993886035705554,0.25006220452848965,0.0,0.0,0.0,0.0,0.7500611396429445,0.7499377954715103,0.0,0.0,0.0,0.0,0.0,0.0,0.0,0.0,0.0,0.0,0.0,0.0,0.0,0.0,0.0,0.0,0.0,0.0,0.0,0.0,0.0,0.0,0.0,320288,22/01,318,150,2020-07-31,541535,541535.0,60.35,1.095,25.05,32.3875,4.1812082709215455,2.1825,5.5175,7.8,7.899999999999999,12.7425,1.0225,109.65,3.025,192.35,12.1,134.675,29.075,2.565,0.6074999999999999,0.4836595772000001,3.9407867057249986,0.5253749271682501,0.18583314915,0.001681995621369475,0.1295812051225121,2,2,0.0,0.0,1.0,0.5205064854848671,0.4707226683137739,150,38,2020-07-30,6.8400001525878915,318,0
M2070070,60/1 PA2.KP.,60/1 PA2.KP.,M2,7,60.0,60.0,1.0,1.0,PA2,PA2,0,Dobby          ,Oxford         ,22.0,2.0,4.0,184.0,174.0,6.3,8030.0,128.0,40.9,40.9,40.9,84.27,76.21,161.9,800.0,15.38,13.41,28.79,28.79,1.0,0.0,0.0,0.5001222792858889,0.5001244090569793,0.0,0.0,0.0,0.0,0.4998777207141111,0.4998755909430206,0.5001222792858889,0.5001244090569793,0.0,0.0,0.0,0.0,0.4998777207141111,0.4998755909430206,0.0,0.0,0.0,0.0,0.0,0.0,0.0,0.0,0.0,0.0,0.0,0.0,0.0,0.0,0.0,0.0,0.0,0.0,0.0,0.0,0.0,0.0,0.0,320197,33/01,330,142,2020-07-30,541532,541532.0,60.35,1.095,25.05,32.3875,4.1812082709215455,2.1825,5.5175,7.8,7.899999999999999,12.7425,1.0225,109.65,3.025,192.35,12.1,134.675,29.075,2.565,0.6074999999999999,0.4836595772000001,3.9407867057249986,0.5253749271682501,0.18583314915,0.001681995621369475,0.1295812051225121,3,3,0.0,0.0,1.0,0.5205064854848671,0.4707226683137739,142,33,2020-07-30,1.972499996423721,330,0
M2070129,60/1 PA2.KP.,60/1 PA2.KP.,M2,7,60.0,60.0,1.0,1.0,PA2,PA2,0,Dobby          ,Oxford         ,22.0,2.0,4.0,184.0,174.0,6.3,8028.0,136.0,40.9,40.9,40.9,84.25,76.21,161.97,650.0,15.38,13.41,28.79,28.79,1.0,0.0,0.0,1.0,0.4544549527127925,0.0,0.0,0.0,0.0,0.0,0.5455450472872075,1.0,0.4544549527127925,0.0,0.0,0.0,0.5455450472872075,0.0,0.0,0.0,0.0,0.0,0.0,0.0,0.0,0.0,0.0,0.0,0.0,0.0,0.0,0.0,0.0,0.0,0.0,0.0,0.0,0.0,0.0,0.0,0.0,0.0,320300,21/01,318,141,2020-07-29,9542263,9542263.0,60.05,1.41,26.785,33.145,4.279001100417414,2.405,5.635,7.399999999999999,8.55,12.3575,0.99,63.375,1.25,155.425,10.125,136.95,36.0,2.46,0.585,0.7355708231999999,5.349775986000001,0.67814016583625,0.17678915525,0.0007744714883528841,0.07206227610967,2,1,0.0,0.0,1.0,0.52015805396061,0.4705192319565351,141,41,2020-07-29,8.420000076293945,318,0
M2070122,40/2 PK2.AP.,20/1 UYE.CC.,M2,7,40.0,40.0,2.0,2.0,PK2,PK2,0,Dobby          ,Repp 2/2       ,16.0,3.0,4.0,190.0,180.0,6.0,8928.0,256.0,26.8,26.8,26.8,280.19,154.56,442.91,580.0,28.96,15.23,44.19,44.19,1.0,0.0,0.0,1.0,1.0,0.0,0.0,0.0,0.0,0.0,0.0,1.0,1.0,0.0,0.0,0.0,0.0,0.0,0.0,0.0,0.0,0.0,0.0,0.0,0.0,0.0,0.0,0.0,0.0,0.0,0.0,0.0,0.0,0.0,0.0,0.0,0.0,0.0,0.0,0.0,0.0,0.0,0,00/00,309,203,2020-07-24,650080,650080.0,19.8,0.3,21.15,17.07,2.46,2.46,6.83,4.9,4.3,8.99,1.22,0.0,0.0,14.0,1.0,13.0,2.0,6.66,1.92,0.00352836,0.8270993025,0.230229037188,0.11200400890000001,0.00903779131229232,2.2747722458797216e-08,0,0,0.0,0.0,1.0,0.6326115915197218,0.3489648009753674,203,39,2020-07-24,1.8933332562446596,309,1
M2010121,40/1 UD2.AC.,40/1 UD2.AC.,M2,1,40.0,40.0,1.0,1.0,UD2,UD2,0,Tafetan        ,Tafetan        ,17.0,3.0,4.0,168.2,164.0,6.5,8500.0,104.0,33.0,33.0,33.0,134.09,84.55,220.34,600.0,21.09,13.25,34.34,34.34,1.0,0.0,0.0,1.0,1.0,0.0,0.0,0.0,0.0,0.0,0.0,1.0,1.0,0.0,0.0,0.0,0.0,0.0,0.0,0.0,0.0,0.0,0.0,0.0,0.0,0.0,0.0,0.0,0.0,0.0,0.0,0.0,0.0,0.0,0.0,0.0,0.0,0.0,0.0,0.0,0.0,0.0,0,00/00,291,160,2020-07-22,9507908,9507908.0,40.36666666666667,1.203333333333333,20.49,26.76666666666667,4.233333333333333,2.206666666666667,8.076666666666666,10.85,11.05666666666667,16.66,1.5533333333333332,408.33333333333326,21.66666666666667,1724.666666666667,495.66666666666674,2386.666666666667,626.6666666666666,5.0,1.3,0.2386844762666667,5.137946764262668,0.3582297142533333,0.7659576733109997,0.2550771063022433,0.0005027696576302544,0,0,0.0,0.0,1.0,0.6085594989561587,0.3837251520377598,160,3,2020-07-21,4.349999904632568,291,0
M2020039,40/1 UW2.AP.,30/1 UYA.CC.,M2,2,40.0,40.0,1.0,1.0,UW2,UW2,0,Sarga 2/1      ,Repp 2/1       ,15.0,3.0,4.0,190.0,172.0,7.0,8412.0,184.0,24.8,24.8,24.8,133.42,95.35,231.75,400.0,20.08,11.5,31.58,31.58,1.0,0.0,0.0,1.0,1.0,0.0,0.0,0.0,0.0,0.0,0.0,1.0,1.0,0.0,0.0,0.0,0.0,0.0,0.0,0.0,0.0,0.0,0.0,0.0,0.0,0.0,0.0,0.0,0.0,0.0,0.0,0.0,0.0,0.0,0.0,0.0,0.0,0.0,0.0,0.0,0.0,0.0,0,00/00,292,211,2020-07-17,530462,530462.0,40.2625,1.354166666666667,15.16666666666666,29.47499999999999,4.789166666666667,2.1100833333333333,7.559583333333332,19.203333333333326,11.30416666666667,13.5875,0.82125,212.225,10.33333333333333,358.0,33.45833333333334,307.0416666666667,46.41666666666666,6.2716666666666665,1.545833333333334,0.3155296762458334,2.951657442290166,0.40833268708601,2.086700007576626,0.9816338895948676,0.05045433333282115,0,0,0.0,0.0,1.0,0.5757065803667745,0.4114347357065804,211,13,2020-07-17,12.706666628519692,292,1
M2010162,16/1 UYG.CC.,16/1 UYG.CC.,M2,1,16.0,16.0,1.0,1.0,UYG,UYG,0,Tafetan        ,Tafetan        ,9.0,2.0,3.0,190.2,179.0,7.0,3384.0,60.0,19.6,19.6,19.6,134.18,141.44,278.32,400.0,12.2,12.45,24.65,24.65,1.0,0.0,0.0,1.0,1.0,0.0,0.0,0.0,0.0,0.0,0.0,1.0,1.0,0.0,0.0,0.0,0.0,0.0,0.0,0.0,0.0,0.0,0.0,0.0,0.0,0.0,0.0,0.0,0.0,0.0,0.0,0.0,0.0,0.0,0.0,0.0,0.0,0.0,0.0,0.0,0.0,0.0,0,00/00,293,201,2020-07-14,530398,530398.0,15.9,2.0,13.7,16.56,4.14,2.71,8.36,7.54,8.25,14.2,2.05,110.0,2.0,620.0,77.0,250.0,25.0,7.41,1.64,0.101124,1.2774650625,0.20139989817600001,0.397333558336,0.999998628811841,4.899220239623376e-08,0,0,0.0,0.0,1.0,0.4821069272779535,0.5081920091980454,201,5,2020-07-14,4.834999918937684,293,1
M2070060,40/2 AL1.AP.,12/1 UYD.CC.,M2,7,40.0,40.0,2.0,2.0,AL1,AL1,0,Dobby          ,Matt 2/2       ,16.0,3.0,4.0,190.0,175.0,7.5,8976.0,192.0,18.1,18.1,18.1,286.26,173.98,466.55,400.0,29.76,13.28,43.04,43.04,1.0,0.0,0.0,1.0,0.0,0.0,0.0,0.0,0.0,0.0,1.0,1.0,0.0,0.0,0.0,0.0,0.0,0.0,0.0,0.0,0.0,0.0,1.0,0.0,0.0,0.0,0.0,0.0,0.0,0.0,0.0,0.0,0.0,0.0,0.0,0.0,0.0,0.0,0.0,0.0,0.0,0.0,320183,11/01,197,211,2020-07-05,541349,541349.0,19.8,1.5,22.24,15.36,2.655,2.655,6.09,6.2,6.8,9.38,1.3,0.0,0.0,41.0,7.0,45.0,10.0,7.0,1.87,0.08820900000000002,2.2871117824000002,0.18084593664,0.14256665640000002,0.0160805042404909,0.001945873975900462,1,1,0.0,0.0,1.0,0.6135676776336941,0.37290751259243377,211,32,2020-07-04,7.446666558583576,197,1
M2030055,40/2 UW2.AP.,41.5/2 2NLS0.,M2,3,40.0,40.0,2.0,2.0,UW2,UW2,0,Sarga 3/1      ,Repp 2/2       ,13.0,3.0,4.0,189.9,175.0,8.0,7284.0,160.0,27.4,27.4,27.4,233.57,49.38,288.21,400.0,24.15,15.45,39.6,39.6,1.0,1.0,0.0,0.0,0.0,0.0,0.0,0.0,0.0,0.0,1.0,1.0,0.0,0.0,0.0,0.0,0.0,0.0,1.0,0.0,0.0,0.0,0.0,0.0,0.0,0.0,0.0,0.0,0.0,0.0,0.0,0.0,0.0,0.0,0.0,0.0,0.0,0.0,0.0,0.0,0.0,0.0,320181,11/01,325,215,2020-06-30,541329,541329.0,19.75,1.35,18.448333333333327,21.52166666666666,3.140000000000001,3.14,18.801666666666673,17.05,11.88333333333333,10.57,1.406666666666667,7.166666666666668,0.0,67.83333333333333,4.0,22.33333333333333,4.166666666666667,6.605,1.5,0.07356490666666668,4.813412676683333,0.5974301358384168,10.28737876616667,0.5991444475549489,1.0919476644703031e-05,1,1,0.0,0.0,1.0,0.8104160160993721,0.17133340272717812,215,19,2020-06-27,4.0466667016347255,325,1
M2070043,40/2 AL1.AP.,16/1 TYG.CC.,M2,7,40.0,40.0,2.0,2.0,AL1,AL1,0,Dobby          ,Matt 2/2       ,14.0,3.0,4.0,190.0,175.0,7.5,7854.0,168.0,33.8,33.8,33.8,250.48,243.66,499.69,400.0,26.01,21.48,47.49,47.49,1.0,0.0,0.0,1.0,1.0,0.0,0.0,0.0,0.0,0.0,0.0,1.0,1.0,0.0,0.0,0.0,0.0,0.0,0.0,0.0,0.0,0.0,0.0,0.0,0.0,0.0,0.0,0.0,0.0,0.0,0.0,0.0,0.0,0.0,0.0,0.0,0.0,0.0,0.0,0.0,0.0,0.0,0,00/00,292,211,2020-06-30,650114,650114.0,20.1,0.4,24.78,15.16,3.19,3.19,6.34,5.7,5.9,8.47,1.15,0.0,0.0,14.0,2.0,21.0,4.0,6.71,1.6,0.006464160000000003,2.137502480400001,0.23479213121599998,0.1305955044,3.851871364049162e-05,0.00010444795050279158,0,0,0.0,0.0,1.0,0.5012707878884909,0.487622325842022,211,31,2020-06-30,4.158333420753478,292,1
